順位,タイトル,URL
1,プログラミング言語 Python 総合情報サイト - python.jp,https://www.python.jp/
2,Welcome to Python.org,https://www.python.org/
3,Python チュートリアル — Python 3.9.4 ドキュメント,https://docs.python.org/ja/3/tutorial/
4,［Python入門］Pythonってどんな言語なの？：Python入門（1/2 ... - IT,https://www.atmarkit.co.jp/ait/articles/1904/02/news024.html
5,Python - Wikipedia,https://ja.wikipedia.org/wiki/Python
6,Python | プログラミングの入門なら基礎から学べるProgate[プロ ...,https://prog-8.com/courses/python
7,Python入門 〜Pythonのインストール方法やPythonを使った ...,https://www.javadrive.jp/python/
8,Python - Qiita,https://qiita.com/tags/python
9,Pythonってどんな言語？ 特徴と歴史を『独習Python』から解説 ...,https://codezine.jp/article/detail/12457
10,Pythonでできること8選！仕事への活用方法から学習方法まで解説 ...,https://www.pasonatech.co.jp/workstyle/column/detail.html%3Fp%3D2104
11,Python超入門コース 合併版｜Pythonの超基本的な部分をたった1 ...,https://www.youtube.com/watch%3Fv%3DHyU3XL2F9GE
12,Python入門,https://www.isc.meiji.ac.jp/~be00085/Python3/index.html
13,みんなのPython 第4版 | 柴田 淳 |本 | 通販 | Amazon,https://www.amazon.co.jp/%25E3%2581%25BF%25E3%2582%2593%25E3%2581%25AA%25E3%2581%25AEPython-%25E7%25AC%25AC4%25E7%2589%2588-%25E6%259F%25B4%25E7%2594%25B0-%25E6%25B7%25B3/dp/479738946X
14,講座情報詳細｜Python入門【アイデミー】 （METI/経済産業省）,https://www.meti.go.jp/policy/it_policy/jinzai/sugomori/084.html
15,PythonのIT勉強会・セミナー・イベント情報 - TECH PLAY［テック ...,https://techplay.jp/tag/python
16,pythonの意味・使い方・読み方｜英辞郎 on the WEB,https://eow.alc.co.jp/search%3Fq%3Dpython
17,Google App Engine での Python | App Engine ドキュメント ...,https://cloud.google.com/appengine/docs/python%3Fhl%3Dja
18,はじめてでもできる・わかる Python講座 | 資格取得・キャリア ...,https://haa.athuman.com/academy/python/
19,Python3入門編のレッスン一覧 | プログラミング学習サービス ... - Paiza,https://paiza.jp/works/python3/primer
20,一般社団法人Pythonエンジニア育成推進協会 | Pythonの学習の目安 ...,https://www.pythonic-exam.com/
21,Pythonとは - コトバンク,https://kotobank.jp/word/Python-7230
22,Pythonプログラミング入門 - Google Sites,https://sites.google.com/view/ut-python/
23,はじめてのPython 少しずつ丁寧に学ぶプログラミング言語Python3 ...,https://www.udemy.com/course/python-python3/
24,PyQ（パイキュー） - 本気でプログラミングを学びたい人のPython ...,https://pyq.jp/
25,マニュアル ソフトの利用方法 Pythonの導入方法 - 東京経済大学,https://www.tku.ac.jp/iss/guide/classroom/soft/python.html
26,Azure での Python | Microsoft Azure,https://azure.microsoft.com/ja-jp/develop/python/
27,Pythonエンジニア認定試験 | Odyssey CBT | オデッセイ ...,https://cbt.odyssey-com.co.jp/pythonic-exam.html
28,Python-izm | Python の入門から応用までをサポートする学習サイト,https://www.python-izm.com/
29,Python - Wikibooks - ウィキブックス,https://ja.wikibooks.org/wiki/Python
30,Pythonのコース一覧｜CTC教育サービス 研修/トレーニング,https://www.school.ctc-g.co.jp/python/
31,「Python」の登録商標、米Python Software Foundationが再出願 ...,https://www.itmedia.co.jp/news/articles/2107/16/news104.html
32,「「Python 基本講座」へようこそ - Python」の動画チュートリアル ...,https://jp.linkedin.com/learning/python-essential-training-3/2219741
33,O'Reilly Japan - Books :: Python - オライリー・ジャパン,https://www.oreilly.co.jp/books/python/
34,Python入門 | SIGNATE Quest,https://quest.signate.jp/quests/10012
35,Python - 奥村研究室 - 三重大学,https://oku.edu.mie-u.ac.jp/~okumura/python/
36,データ分析のためのPython基礎1-プログラミング編- | NEC ...,https://www.neclearning.jp/courseoutline/courseId/DB348/
37,「Python」の弱点やそのとらえ方--生みの親、グイド・ヴァン ...,https://japan.zdnet.com/article/35171395/
38,Pythonに関する情報 | note.nkmk.me,https://note.nkmk.me/python/
39,Python - Embarcadero Website,https://www.embarcadero.com/jp/python
40,【入門〜上級まで】Pythonおすすめ本特集 ｜ SEshop.com ｜ 翔泳社 ...,https://www.seshop.com/campaign/python
41,Pythonが3位、2021年7月のプログラミング言語ランキング | Ledge.ai,https://ledge.ai/tiobe-index-for-july-2021/
42,Pythonプログラミング入門,https://utokyo-ipp.github.io/
43,Python用Snowflakeコネクタ — Snowflake Documentation,https://docs.snowflake.com/ja/user-guide/python-connector.html
44,【連載】ゼロからはじめるPython | TECH+ - マイナビニュース,https://news.mynavi.jp/series/zeropython/
45,Oracle Python Developer Center | Oracle 日本,https://www.oracle.com/jp/database/technologies/appdev/python.html
46,pythonの意味・使い方・読み方 | Weblio英和辞書,https://ejje.weblio.jp/content/python
47,Excel×Python最速仕事術｜日経BP ブックス＆テキスト Online,https://project.nikkeibp.co.jp/bnt/atcl/19/P95930/
48,Pythonを学習・勉強できる講座/受講者数No.1 |テックアカデミー,https://techacademy.jp/python-bootcamp
49,Python入門 | 株式会社 富士通ラーニングメディア,https://www.kcc.knowledgewing.com/icm/srv/course-application/init-detail%3Fcd%3DFLM%26cscd%3DUJS60L%26pcd%3DFLMC
50,Python プログラミング入門 | HPE日本 | HPE 日本（日本 ...,https://h50146.www5.hpe.com/services/education/teiki/seihin/HN5F6S.html
51,PyCharm：JetBrainsによるプロ開発者向けPython IDE,https://www.jetbrains.com/ja-jp/pycharm/
52,リカレント教育講座「プログラミング言語Python入門講座」開講の ...,https://www.yamanashi.ac.jp/31931
53,ArcGIS API for Python | ESRIジャパン,https://www.esrij.com/products/arcgis-api-for-python/
54,プログラミング言語のPythonとは？その特徴と活用方法｜発注成功 ...,https://hnavi.co.jp/knowledge/blog/python/
55,Pythonの求人 | Indeed (インディード),https://jp.indeed.com/Python%25E9%2596%25A2%25E9%2580%25A3%25E3%2581%25AE%25E6%25B1%2582%25E4%25BA%25BA
56,PL/Python - Python手続き言語,https://www.postgresql.jp/document/9.3/html/plpython.html
57,Python Boot Camp(初心者向けPythonチュートリアル) — PyCon JP,https://www.pycon.jp/support/bootcamp.html
58,Pythonとは？特徴やできること・人気の理由を初心者向けに解説 | 侍 ...,https://www.sejuku.net/blog/7720
59,ダイテル Pythonプログラミング - 株式会社東京化学同人,http://www.tkd-pbl.com/book/b559511.html
60,Keras Documentation,https://keras.io/ja/
61,Python学習講座,https://www.python.ambitious-engineer.com/
62,【AI開発に必須！】Python（パイソン）とは？特徴や強みを解説 ...,https://www.agaroot.jp/datascience/column/python/
63,Pythonとは？大人気プログラミング言語のメリットや活用事例をご ...,https://www.internetacademy.jp/it/programming/programming-basic/what-is-python.html
64,Programming for Everybody (Getting Started with Python) | Coursera,https://www.coursera.org/learn/python
65,Python for Everybody | Coursera,https://www.coursera.org/specializations/python
66,Python ヒッチハイク・ガイド — The Hitchhiker's Guide to Python,https://python-guideja.readthedocs.io/
67,Python - Official Image | Docker Hub,https://hub.docker.com/_/python
68,チャート描画ライブラリ『Plotly』をPythonで試す：インストール ...,https://dev.classmethod.jp/articles/plotly-python-overview-and-install/
69,Python - Visual Studio Marketplace,https://marketplace.visualstudio.com/items%3FitemName%3Dms-python.python
70,Python、プログラミング言語の人気ランキングで2位へと躍進。1位 ...,https://internet.watch.impress.co.jp/docs/yajiuma/1326969.html
71,2. Python 入門 — ディープラーニング入門：Chainer チュートリアル,https://tutorials.chainer.org/ja/02_Basics_of_Python.html
72,A Python-based programming language for high-performance ...,https://www.nature.com/articles/s41587-021-00985-6
73,Python 入門,https://python.keicode.com/
74,Python 3入門 (全31回) - プログラミングならドットインストール,https://dotinstall.com/lessons/basic_python_v3
75,Learn Python Tutorials | Kaggle,https://www.kaggle.com/learn/python
76,Python言語が選ばれる理由。どんな用途に向いた言語なのか ...,https://jinjibu.jp/spcl/python-exam/cl/detl/3674/
77,日商プログラミング検定STANDARDレベル（Python）の開始 ...,https://www.kentei.ne.jp/29536
78,一般社団法人Pythonエンジニア育成推進協会：Nakat様のPython 3 ...,https://www.asahi.com/and/pressrelease/407095493/
79,Intel® Distribution for Python - Intel® Developer Zone,https://software.intel.com/content/www/us/en/develop/tools/oneapi/components/distribution-for-python.html
80,Individual Edition - Anaconda,https://www.anaconda.com/products/individual
81,pandas - Python Data Analysis Library,https://pandas.pydata.org/
82,9 Unexplored Python Libraries that Will Amaze You | by Pranjal ...,https://towardsdatascience.com/9-unexplored-python-libraries-that-will-amaze-you-d0803a4516ba
83,独習Python（山田 祥寛）｜翔泳社の本,https://www.shoeisha.co.jp/book/detail/9784798163642
84,Learn Python 3 | Codecademy,https://www.codecademy.com/learn/learn-python-3
85,Pythonとは - IT用語辞典 e-Words,https://e-words.jp/w/Python.html
86,Python Tutorial - W3Schools,https://www.w3schools.com/python/
87,Pythonプログラミング1 基本文法編 | IT研修のトレノケート,https://www.trainocate.co.jp/reference/course_details.aspx%3Fcode%3DPRC0103G
88,"DataCamp: Learn R, Python & Data Science Online",https://www.datacamp.com/
89,いまさら聞けないIT用語：注目のプログラミング言語「Python ...,https://data.wingarc.com/python-25838
90,"Visualize Python, Java, JavaScript, C, C++, Ruby ... - Python Tutor",http://pythontutor.com/visualize.html
91,プログラミング演習 Python 2019,https://repository.kulib.kyoto-u.ac.jp/dspace/handle/2433/245698
92,Pythonとは？Pythonを使ってできること・特徴を詳しく解説 ...,https://udemy.benesse.co.jp/development/python-work/python.html
93,書籍発行のお知らせ 「独習 Pythonバイオ情報解析」 ｜ 先進ゲノム ...,https://www.genome-sci.jp/whatsnew/news/new20210329.html
94,Pythonプロフェッショナルプログラミング 第3版 - 秀和システム ...,http://www.shuwasystem.co.jp/book/9784798053820.html
95,基本情報技術者試験（FE）におけるPythonのサンプル問題の公開 ...,https://www.jitec.ipa.go.jp/1_00topic/topic_20191028.html
96,ゼロからつくるPython機械学習プログラミング入門 | 書籍情報 | 株式 ...,https://www.kspub.co.jp/book/detail/5206126.html
97,AI開発のための必須言語「Python」基本的な使い方や勉強法について,https://www.creativevillage.ne.jp/72484
98,知っておくとPythonを早く会得できる5つのポイントを考察 ... - FLEXY,https://flxy.jp/article/11337
99,Python超入門 - Schoo,https://schoo.jp/class/3395
